AREA_ID,AREA_NM,ALL_KWRD_RANK_CO,ALL_KWRD_NM,ALL_KWRD_OCCU_RT,ALL_KWRD_CO,PASSNGR_KWRD_RANK_CO,PASSNGR_KWRD_NM,PASSNGR_KWRD_OCCU_RT,PASSNGR_KWRD_CO,LCLS_KWRD_RANK_CO,LCLS_KWRD_NM,LCLS_KWRD_OCCU_RT,LCLS_KWRD_CO
TOT_01,전국,1,바다,4.10,2506,1,바다,5.40,1623,1,공원,3.10,976
TOT_02,전국,2,먹거리,3.10,1884,2,해변,3.40,1019,2,먹거리,2.90,910
TOT_03,전국,3,공원,2.50,1556,3,먹거리,3.20,974,3,바다,2.80,883
TOT_04,전국,4,해변,2.50,1555,4,힐링,2.30,694,4,축제,2.80,866
TOT_05,전국,5,축제,2.00,1221,5,해산물,2.30,678,5,맛집,1.90,598
TOT_06,전국,6,해산물,2.00,1216,6,카페,2.20,653,6,해산물,1.70,538
TOT_07,전국,7,카페,1.90,1158,7,공원,1.90,580,7,해변,1.70,536
TOT_08,전국,8,맛집,1.70,1062,8,산,1.80,551,8,한우,1.70,523
TOT_09,전국,9,산,1.70,1061,9,호텔,1.80,541,9,산,1.60,510
TOT_10,전국,10,힐링,1.70,1020,10,계곡,1.70,503,10,카페,1.60,505
TOT_11,전국,11,호텔,1.70,1016,11,회,1.70,497,11,호텔,1.50,475
TOT_12,전국,12,계곡,1.50,923,12,펜션,1.60,468,12,시장,1.50,463
TOT_13,전국,13,한우,1.50,919,13,맛집,1.50,464,13,계곡,1.30,420
TOT_14,전국,14,회,1.50,907,14,한우,1.30,396,14,회,1.30,410
TOT_15,전국,15,펜션,1.40,871,15,시장,1.30,389,15,펜션,1.30,403
TOT_16,전국,16,시장,1.40,852,16,산책,1.30,383,16,재래시장,1.20,385
TOT_17,전국,17,캠핑,1.20,727,17,캠핑,1.20,362,17,캠핑,1.20,365
TOT_18,전국,18,재래시장,1.20,722,18,축제,1.20,355,18,힐링,1.00,326
TOT_19,전국,19,산책,1.10,674,19,자연경관,1.20,350,19,등산,1.00,325
TOT_20,전국,20,리조트,0.90,580,20,리조트,1.10,345,20,산책,0.90,291
TOT_21,전국,21,온천,0.90,550,21,재래시장,1.10,337,21,박물관,0.90,289
TOT_22,전국,22,자연경관,0.90,537,22,자연,1.10,328,22,온천,0.80,253
TOT_23,전국,23,박물관,0.90,528,23,온천,1.00,297,23,리조트,0.70,235
TOT_24,전국,24,등산,0.80,509,24,체험,1.00,293,24,호수공원,0.70,228
TOT_25,전국,25,자연,0.80,474,25,관광,0.90,261,25,칼국수,0.70,217
TOT_26,전국,26,체험,0.80,470,26,해수욕장,0.90,257,26,해수욕장,0.60,204
TOT_27,전국,27,해수욕장,0.70,461,27,휴양림,0.80,255,26,휴양림,0.60,204
TOT_28,전국,28,휴양림,0.70,459,28,휴식,0.80,254,28,도시,0.60,199
TOT_29,전국,29,관광,0.70,426,29,박물관,0.80,239,29,자연경관,0.60,187
TOT_30,전국,30,도시,0.60,395,30,볼거리,0.80,232,30,호수,0.60,183
GW_01,강원도,1,바다,7.40,484,1,바다,8.40,328,1,바다,6.00,156
GW_02,강원도,2,해변,4.90,317,2,해변,5.70,221,2,막국수,5.30,138
GW_03,강원도,3,막국수,3.60,235,3,산,3.10,122,3,한우,4.10,106
GW_04,강원도,4,산,3.30,212,4,계곡,3.00,117,4,해변,3.70,96
GW_05,강원도,5,한우,3.20,206,5,리조트,2.90,111,5,닭갈비,3.60,94
GW_06,강원도,6,계곡,3.20,205,6,한우,2.60,100,6,산,3.40,90
GW_07,강원도,7,리조트,3.00,198,6,먹거리,2.60,100,7,계곡,3.40,88
GW_08,강원도,8,닭갈비,2.60,170,8,힐링,2.50,98,8,리조트,3.30,87
GW_09,강원도,9,먹거리,2.50,160,9,막국수,2.50,97,9,해산물,2.30,61
GW_10,강원도,10,해산물,2.30,150,10,해산물,2.30,89,10,먹거리,2.30,60
GW_11,강원도,11,회,2.20,140,11,회,2.20,86,11,펜션,2.10,56
GW_12,강원도,12,힐링,2.10,136,12,닭갈비,2.00,76,12,회,2.10,54
GW_13,강원도,13,펜션,2.00,127,13,캠핑,1.90,74,13,축제,2.00,53
GW_14,강원도,14,캠핑,1.80,119,14,펜션,1.80,71,14,치악산,1.90,50
GW_15,강원도,15,시장,1.60,106,15,시장,1.70,66,15,캠핑,1.70,45
GW_16,강원도,16,설악산,1.40,94,16,워터파크,1.60,64,16,물회,1.70,44
GW_17,강원도,17,자연경관,1.40,92,17,자연경관,1.60,62,17,설악산,1.60,42
GW_18,강원도,18,호텔,1.40,89,18,재래시장,1.50,59,17,등산,1.60,42
GW_19,강원도,19,재래시장,1.30,87,18,자연,1.50,59,19,시장,1.50,40
GW_20,강원도,19,카페,1.30,87,20,카페,1.50,58,20,힐링,1.50,38
GW_21,강원도,21,워터파크,1.30,86,21,해수욕장,1.50,57,21,오징어,1.30,34
GW_22,강원도,22,해수욕장,1.30,85,22,호텔,1.40,56,22,호텔,1.30,33
GW_23,강원도,23,자연,1.30,83,23,설악산,1.30,52,23,자연경관,1.10,30
GW_24,강원도,24,축제,1.20,78,24,속초,1.20,48,23,쏠비치,1.10,30
GW_25,강원도,25,물회,1.20,77,24,휴식,1.20,48,25,카페,1.10,29
GW_26,강원도,25,속초,1.20,77,26,쏠비치,1.20,47,25,속초,1.10,29
GW_27,강원도,25,쏠비치,1.20,77,26,스키장,1.20,47,25,닭강정,1.10,29
GW_28,강원도,25,오징어,1.20,77,28,닭강정,1.10,44,25,중앙시장,1.10,29
GW_29,강원도,29,닭강정,1.10,73,29,오징어,1.10,43,29,재래시장,1.10,28
GW_30,강원도,30,등산,1.00,67,30,서핑,1.00,39,29,해수욕장,1.10,28
GW_31,강원도,,,,,,,,,29,삼척,1.10,28
GG_01,경기도,1,공원,3.60,257,1,계곡,3.60,93,1,공원,4.20,192
GG_02,경기도,2,축제,3.30,238,2,캠핑,3.40,90,2,축제,4.20,189
GG_03,경기도,3,카페,2.90,205,3,먹거리,3.10,82,3,카페,2.70,124
GG_04,경기도,4,먹거리,2.80,198,4,카페,3.10,81,3,호수공원,2.70,124
GG_05,경기도,4,캠핑,2.80,198,5,펜션,3.00,78,5,먹거리,2.60,116
GG_06,경기도,6,호수공원,2.50,179,6,산,2.80,73,6,맛집,2.50,114
GG_07,경기도,7,맛집,2.40,171,7,힐링,2.70,71,7,캠핑,2.40,108
GG_08,경기도,8,계곡,2.30,166,8,공원,2.50,65,8,부대찌개,2.00,91
GG_09,경기도,9,산,2.20,157,9,에버랜드,2.30,61,9,도자기,2.00,90
GG_10,경기도,10,에버랜드,2.10,149,10,맛집,2.20,57,10,에버랜드,1.90,88
GG_11,경기도,11,펜션,1.90,133,11,호수공원,2.10,55,11,산,1.90,84
GG_12,경기도,12,화성,1.80,126,12,화성,1.90,50,12,남한산성,1.80,80
GG_13,경기도,13,도자기,1.70,123,13,축제,1.90,49,13,화성,1.70,76
GG_14,경기도,14,힐링,1.50,110,14,자연,1.70,44,13,시장,1.70,76
GG_15,경기도,15,시장,1.50,109,15,수원,1.60,43,13,광명동굴,1.70,76
GG_16,경기도,16,부대찌개,1.50,108,16,산정호수,1.60,41,16,계곡,1.60,73
GG_17,경기도,17,호수,1.50,107,16,바다,1.60,41,17,스타필드,1.60,71
GG_18,경기도,18,수원,1.40,99,16,가족,1.60,41,18,백운호수,1.50,70
GG_19,경기도,19,광명동굴,1.30,96,19,호수,1.50,38,19,호수,1.50,69
GG_20,경기도,20,스타필드,1.30,94,19,자연경관,1.50,38,20,재래시장,1.40,62
GG_21,경기도,21,남한산성,1.30,92,21,산책,1.30,34,21,수원,1.20,56
GG_22,경기도,22,재래시장,1.20,85,21,한국민속촌,1.30,34,22,펜션,1.20,55
GG_23,경기도,23,산정호수,1.10,80,21,화담숲,1.30,34,23,대부도,1.10,52
GG_24,경기도,24,백운호수,1.10,79,24,도자기,1.30,33,24,등산,1.00,46
GG_25,경기도,25,산책,1.10,77,24,시장,1.30,33,25,오이도,1.00,45
GG_26,경기도,26,한국민속촌,1.00,72,26,휴식,1.20,32,26,화성행궁,1.00,44
GG_27,경기도,26,호텔,1.00,72,27,휴양림,1.10,30,26,수리산,1.00,44
GG_28,경기도,28,바다,1.00,71,28,호텔,1.10,29,28,산책,0.90,43
GG_29,경기도,29,대부도,1.00,70,28,이동갈비,1.10,29,28,호텔,0.90,43
GG_30,경기도,30,화성행궁,0.90,67,28,체험,1.10,29,30,베이커리,0.90,42
GG_31,경기도,,,,,28,도시,1.10,29,,,,
GG_32,경기도,,,,,28,온천,1.10,29,,,,
GN_01,경상남도,1,바다,4.60,205,1,바다,5.60,129,1,바다,3.50,76
GN_02,경상남도,2,해산물,3.70,163,2,해산물,3.80,87,1,해산물,3.50,76
GN_03,경상남도,3,계곡,3.20,144,3,해변,3.50,81,3,펜션,3.50,75
GN_04,경상남도,4,펜션,3.10,140,4,계곡,3.40,78,4,축제,3.10,67
GN_05,경상남도,5,해변,2.70,122,5,회,2.90,68,5,계곡,3.10,66
GN_06,경상남도,6,회,2.60,118,6,펜션,2.80,65,6,공원,2.80,60
GN_07,경상남도,7,공원,2.50,113,7,힐링,2.70,62,7,회,2.30,50
GN_08,경상남도,8,축제,2.30,104,8,먹거리,2.60,61,8,진주성,2.20,47
GN_09,경상남도,9,먹거리,2.20,99,9,산,2.30,54,9,통도사,2.00,42
GN_10,경상남도,10,힐링,2.20,97,10,공원,2.30,53,10,해변,1.90,41
GN_11,경상남도,11,산,2.10,92,11,카페,2.10,48,11,박물관,1.90,40
GN_12,경상남도,12,진주성,1.90,86,12,독일마을,1.90,45,12,캠핑,1.80,39
GN_13,경상남도,13,케이블카,1.70,75,13,케이블카,1.80,42,13,먹거리,1.80,38
GN_14,경상남도,14,카페,1.50,68,14,진주성,1.70,39,13,산,1.80,38
GN_15,경상남도,15,독일마을,1.50,66,15,축제,1.60,37,15,진주,1.70,37
GN_16,경상남도,15,지리산,1.50,66,15,자연경관,1.60,37,16,한우,1.70,36
GN_17,경상남도,17,캠핑,1.40,64,17,지리산,1.40,33,17,힐링,1.60,35
GN_18,경상남도,18,박물관,1.40,63,17,남해,1.40,33,17,아귀찜,1.60,35
GN_19,경상남도,18,통도사,1.40,63,19,호텔,1.40,32,19,케이블카,1.50,33
GN_20,경상남도,18,호텔,1.40,63,19,꿀빵,1.40,32,19,지리산,1.50,33
GN_21,경상남도,21,자연경관,1.40,62,21,맛집,1.30,29,19,유등축제,1.50,33
GN_22,경상남도,22,남해,1.20,55,22,풍경,1.20,28,22,리조트,1.50,32
GN_23,경상남도,22,진주냉면,1.20,55,22,체험,1.20,28,23,호텔,1.40,31
GN_24,경상남도,24,리조트,1.20,54,24,통영,1.20,27,23,비빔밥,1.40,31
GN_25,경상남도,24,한우,1.20,54,24,시장,1.20,27,25,진주냉면,1.40,30
GN_26,경상남도,26,진주,1.20,52,26,보리암,1.10,26,26,진양호,1.40,29
GN_27,경상남도,27,꿀빵,1.10,50,26,자연,1.10,26,27,사과,1.30,28
GN_28,경상남도,28,유등축제,1.10,48,28,캠핑,1.10,25,27,가야,1.30,28
GN_29,경상남도,29,보리암,1.10,47,28,진주냉면,1.10,25,29,얼음골,1.30,27
GN_30,경상남도,30,맛집,1.00,44,30,해인사,1.00,24,30,자연경관,1.20,25
GN_31,경상남도,,,,,30,경관,1.00,24,30,수로왕릉,1.20,25
GN_32,경상남도,,,,,30,숙소,1.00,24,,,,
GN_33,경상남도,,,,,30,거제,1.00,24,,,,
GB_01,경상북도,1,한우,4.00,201,1,바다,4.00,104,1,한우,4.80,117
GB_02,경상북도,2,바다,3.40,174,2,한우,3.20,84,2,금오산,3.30,79
GB_03,경상북도,3,사과,2.40,121,3,힐링,2.70,72,3,바다,2.90,70
GB_04,경상북도,4,힐링,2.30,117,4,온천,2.50,67,4,사과,2.40,59
GB_05,경상북도,5,먹거리,2.10,108,5,먹거리,2.50,65,5,직지사,2.20,54
GB_06,경상북도,5,온천,2.10,108,6,해변,2.40,63,6,계곡,2.20,53
GB_07,경상북도,7,공원,2.10,107,7,사과,2.40,62,7,펜션,2.10,52
GB_08,경상북도,8,펜션,2.10,106,8,공원,2.20,59,8,공원,2.00,48
GB_09,경상북도,9,금오산,2.10,105,9,산,2.10,56,8,산,2.00,48
GB_10,경상북도,10,계곡,2.10,104,9,영덕대게,2.10,56,8,물회,2.00,48
GB_11,경상북도,10,산,2.10,104,11,펜션,2.10,54,11,힐링,1.90,45
GB_12,경상북도,12,해변,2.00,99,12,경주,2.00,52,12,축제,1.80,44
GB_13,경상북도,13,물회,1.70,85,13,계곡,1.90,51,13,먹거리,1.80,43
GB_14,경상북도,14,하회마을,1.70,84,14,주왕산,1.90,50,14,하회마을,1.70,42
GB_15,경상북도,15,직지사,1.60,80,15,휴양림,1.60,43,14,부석사,1.70,42
GB_16,경상북도,16,주왕산,1.50,78,16,하회마을,1.60,42,16,온천,1.70,41
GB_17,경상북도,17,영덕대게,1.50,77,16,카페,1.60,42,17,해변,1.50,36
GB_18,경상북도,18,부석사,1.50,75,18,대게,1.50,40,17,문경새재,1.50,36
GB_19,경상북도,19,경주,1.50,74,19,물회,1.40,37,17,안동찜닭,1.50,36
GB_20,경상북도,19,휴양림,1.50,74,19,안동,1.40,37,20,캠핑,1.40,35
GB_21,경상북도,21,안동,1.40,71,19,회,1.40,37,21,안동,1.40,34
GB_22,경상북도,21,캠핑,1.40,71,22,캠핑,1.40,36,21,호텔,1.40,34
GB_23,경상북도,23,문경새재,1.40,70,22,자연경관,1.40,36,21,과메기,1.40,34
GB_24,경상북도,24,축제,1.40,69,24,박물관,1.30,35,24,박물관,1.40,33
GB_25,경상북도,25,대게,1.30,68,24,불국사,1.30,35,25,곶감,1.30,32
GB_26,경상북도,25,박물관,1.30,68,24,자연,1.30,35,26,휴양림,1.30,31
GB_27,경상북도,27,안동찜닭,1.30,66,27,문경새재,1.30,34,27,주왕산,1.20,28
GB_28,경상북도,28,호텔,1.30,64,27,해산물,1.30,34,27,대게,1.20,28
GB_29,경상북도,29,회,1.20,63,29,부석사,1.30,33,27,등산,1.20,28
GB_30,경상북도,30,자연경관,1.20,62,30,재래시장,1.20,31,30,낙동강변,1.10,27
GJ_01,광주광역시,1,무등산,8.10,97,1,떡갈비,7.30,29,1,무등산,9.60,77
GJ_02,광주광역시,2,떡갈비,6.10,73,2,광주,6.80,27,2,먹거리,5.90,47
GJ_03,광주광역시,3,먹거리,5.70,68,3,먹거리,5.30,21,3,떡갈비,5.50,44
GJ_04,광주광역시,4,공원,5.20,62,3,공원,5.30,21,4,공원,5.10,41
GJ_05,광주광역시,4,광주,5.20,62,5,무등산,5.10,20,5,광주,4.40,35
GJ_06,광주광역시,6,오리탕,3.60,43,6,오리탕,4.10,16,6,오리탕,3.40,27
GJ_07,광주광역시,7,맛집,3.30,40,7,한정식,3.50,14,6,맛집,3.40,27
GJ_08,광주광역시,8,축제,2.90,35,8,맛집,3.30,13,6,축제,3.40,27
GJ_09,광주광역시,9,한정식,2.80,34,8,상추튀김,3.30,13,9,시장,3.00,24
GJ_10,광주광역시,10,시장,2.70,32,10,충장로,2.80,11,10,한식,2.90,23
GJ_11,광주광역시,11,상추튀김,2.50,30,11,호텔,2.30,9,11,한정식,2.50,20
GJ_12,광주광역시,12,충장로,2.30,28,11,상무지구,2.30,9,11,비엔날레,2.50,20
GJ_13,광주광역시,13,호텔,2.30,27,11,박물관,2.30,9,13,호텔,2.20,18
GJ_14,광주광역시,14,5.18,2.20,26,14,축제,2.00,8,13,5.18,2.20,18
GJ_15,광주광역시,14,한식,2.20,26,14,시장,2.00,8,15,상추튀김,2.10,17
GJ_16,광주광역시,16,비엔날레,2.00,24,14,5.18,2.00,8,15,충장로,2.10,17
GJ_17,광주광역시,16,상무지구,2.00,24,14,카페,2.00,8,17,송정,2.00,16
GJ_18,광주광역시,18,국립박물관,1.60,19,18,패밀리랜드,1.80,7,18,상무지구,1.90,15
GJ_19,광주광역시,18,아시아문화전당,1.60,19,19,국립박물관,1.50,6,18,아시아문화전당,1.90,15
GJ_20,광주광역시,20,동명동,1.50,18,19,떡,1.50,6,20,동명동,1.70,14
GJ_21,광주광역시,20,송정,1.50,18,21,등산,1.30,5,20,도시,1.70,14
GJ_22,광주광역시,20,패밀리랜드,1.50,18,21,김대중,1.30,5,20,재래시장,1.70,14
GJ_23,광주광역시,23,도시,1.40,17,21,펭귄마을,1.30,5,23,국립박물관,1.60,13
GJ_24,광주광역시,23,양림동,1.40,17,21,담양,1.30,5,23,양림동,1.60,13
GJ_25,광주광역시,23,재래시장,1.40,17,21,민주화,1.30,5,25,산,1.50,12
GJ_26,광주광역시,26,산,1.30,15,21,백반,1.30,5,26,패밀리랜드,1.40,11
GJ_27,광주광역시,26,육전,1.30,15,21,산책,1.30,5,26,육전,1.40,11
GJ_28,광주광역시,26,카페,1.30,15,21,컨벤션,1.30,5,26,호수공원,1.40,11
GJ_29,광주광역시,29,등산,1.10,13,21,전라도,1.30,5,29,수박,1.20,10
GJ_30,광주광역시,30,김대중,1.00,12,30,비엔날레,1.00,4,30,오리,1.10,9
GJ_31,광주광역시,30,수박,1.00,12,30,아시아문화전당,1.00,4,,,,
GJ_32,광주광역시,30,오리,1.00,12,30,동명동,1.00,4,,,,
GJ_33,광주광역시,30,펭귄마을,1.00,12,30,양림동,1.00,4,,,,
GJ_34,광주광역시,30,호수공원,1.00,12,30,육전,1.00,4,,,,
GJ_35,광주광역시,,,,,30,볼거리,1.00,4,,,,
GJ_36,광주광역시,,,,,30,전남대,1.00,4,,,,
GJ_37,광주광역시,,,,,30,국밥,1.00,4,,,,
GJ_38,광주광역시,,,,,30,궁전,1.00,4,,,,
GJ_39,광주광역시,,,,,30,제과,1.00,4,,,,
GJ_40,광주광역시,,,,,30,술집,1.00,4,,,,
GJ_41,광주광역시,,,,,30,곱창,1.00,4,,,,
DG_01,대구광역시,1,막창,9.30,170,1,막창,8.80,56,1,막창,9.60,114
DG_02,대구광역시,2,공원,5.70,104,2,대구,5.60,36,2,공원,6.00,71
DG_03,대구광역시,3,대구,5.40,99,3,공원,5.20,33,2,팔공산,6.00,71
DG_04,대구광역시,4,수성못,5.40,98,4,수성못,4.50,29,4,수성못,5.80,69
DG_05,대구광역시,5,팔공산,4.90,90,5,먹거리,4.40,28,5,대구,5.30,63
DG_06,대구광역시,6,먹거리,4.00,73,6,납작만두,3.90,25,6,앞산,4.30,51
DG_07,대구광역시,7,이월드,3.70,67,7,이월드,3.40,22,7,먹거리,3.80,45
DG_08,대구광역시,8,납작만두,3.40,63,8,곱창,3.30,21,7,이월드,3.80,45
DG_09,대구광역시,9,앞산,3.40,62,9,팔공산,3.00,19,9,납작만두,3.20,38
DG_10,대구광역시,10,동성로,3.00,55,9,카페,3.00,19,9,동성로,3.20,38
DG_11,대구광역시,11,맛집,2.70,50,11,동성로,2.70,17,11,비슬산,2.90,34
DG_12,대구광역시,12,비슬산,2.60,47,11,맛집,2.70,17,12,맛집,2.80,33
DG_13,대구광역시,13,서문시장,2.40,44,13,서문시장,2.30,15,13,호텔,2.60,31
DG_14,대구광역시,13,카페,2.40,44,14,뭉티기,2.20,14,14,서문시장,2.40,29
DG_15,대구광역시,15,호텔,2.30,43,15,비슬산,2.00,13,15,카페,2.10,25
DG_16,대구광역시,16,곱창,2.10,38,16,호텔,1.90,12,15,김광석거리,2.10,25
DG_17,대구광역시,17,김광석거리,1.90,34,16,떡볶이,1.90,12,15,국밥,2.10,25
DG_18,대구광역시,18,떡볶이,1.80,33,18,앞산,1.70,11,18,축제,2.00,24
DG_19,대구광역시,18,축제,1.80,33,18,시장,1.70,11,19,떡볶이,1.80,21
DG_20,대구광역시,20,국밥,1.70,31,20,산,1.60,10,19,수성,1.80,21
DG_21,대구광역시,21,수성,1.50,27,20,갈비,1.60,10,21,골목,1.70,20
DG_22,대구광역시,22,두류공원,1.40,26,22,김광석거리,1.40,9,22,두류공원,1.50,18
DG_23,대구광역시,23,동촌유원지,1.40,25,22,축제,1.40,9,22,찜갈비,1.50,18
DG_24,대구광역시,23,뭉티기,1.40,25,24,두류공원,1.30,8,24,곱창,1.40,17
DG_25,대구광역시,25,시장,1.30,24,24,동촌유원지,1.30,8,24,동촌유원지,1.40,17
DG_26,대구광역시,25,찜갈비,1.30,24,24,산책,1.30,8,26,강정보,1.30,16
DG_27,대구광역시,27,골목,1.30,23,24,만두,1.30,8,27,동화사,1.30,15
DG_28,대구광역시,28,산,1.20,22,24,재래시장,1.30,8,28,시장,1.10,13
DG_29,대구광역시,29,갈비찜,1.10,20,29,갈비찜,1.10,7,28,갈비찜,1.10,13
DG_30,대구광역시,29,동화사,1.10,20,29,도시,1.10,7,28,달성공원,1.10,13
DG_31,대구광역시,29,산책,1.10,20,29,볼거리,1.10,7,28,수목원,1.10,13
DG_32,대구광역시,,달성공원,1.00,18,29,길거리음식,1.10,7,28,칼국수,1.10,13
DG_33,대구광역시,,도시,1.00,18,29,쇼핑,1.10,7,28,곱창골목,1.10,13
DG_34,대구광역시,,만두,1.00,18,29,이랜드,1.10,7,28,시내,1.10,13
DJ_01,대전광역시,1,성심당,15.60,196,1,성심당,19.90,101,1,성심당,12.70,95
DJ_02,대전광역시,2,유성온천,9.30,117,2,유성온천,8.30,42,2,유성온천,10.00,75
DJ_03,대전광역시,3,공원,5.60,70,3,공원,5.70,29,3,칼국수,7.20,54
DJ_04,대전광역시,3,칼국수,5.60,70,3,빵,5.70,29,4,대청호,6.50,49
DJ_05,대전광역시,5,빵,4.90,61,5,대전,5.30,27,5,공원,5.50,41
DJ_06,대전광역시,6,대청호,4.70,59,6,칼국수,3.20,16,6,빵,4.30,32
DJ_07,대전광역시,7,대전,4.50,57,6,엑스포,3.20,16,7,계족산,4.10,31
DJ_08,대전광역시,8,계족산,3.10,39,8,오월드,2.60,13,8,대전,4.00,30
DJ_09,대전광역시,9,엑스포,2.90,36,8,맛집,2.60,13,9,호텔,2.80,21
DJ_10,대전광역시,10,오월드,2.50,31,8,먹거리,2.60,13,9,축제,2.80,21
DJ_11,대전광역시,11,맛집,2.30,29,11,대청호,2.00,10,11,엑스포,2.70,20
DJ_12,대전광역시,11,먹거리,2.30,29,11,국밥,2.00,10,12,한밭수목원,2.50,19
DJ_13,대전광역시,13,호텔,2.20,28,13,계족산,1.60,8,13,오월드,2.40,18
DJ_14,대전광역시,14,축제,2.10,26,13,카페,1.60,8,14,맛집,2.10,16
DJ_15,대전광역시,15,한밭수목원,1.90,24,13,빵집,1.60,8,14,먹거리,2.10,16
DJ_16,대전광역시,16,장태산,1.80,23,13,유성,1.60,8,14,장태산,2.10,16
DJ_17,대전광역시,17,카페,1.50,19,17,호텔,1.40,7,17,휴양림,2.00,15
DJ_18,대전광역시,17,휴양림,1.50,19,17,장태산,1.40,7,17,보문산,2.00,15
DJ_19,대전광역시,19,빵집,1.40,18,17,산,1.40,7,19,동물원,1.90,14
DJ_20,대전광역시,19,유성,1.40,18,17,과학관,1.40,7,20,카페,1.50,11
DJ_21,대전광역시,21,동물원,1.40,17,17,시장,1.40,7,20,식장산,1.50,11
DJ_22,대전광역시,21,산,1.40,17,22,베이커리,1.20,6,22,빵집,1.30,10
DJ_23,대전광역시,23,보문산,1.30,16,22,계룡산,1.20,6,22,유성,1.30,10
DJ_24,대전광역시,24,국밥,1.20,15,22,산책,1.20,6,22,산,1.30,10
DJ_25,대전광역시,25,과학관,1.10,14,25,축제,1.00,5,22,도시,1.30,10
DJ_26,대전광역시,25,도시,1.10,14,25,한밭수목원,1.00,5,22,뿌리공원,1.30,10
DJ_27,대전광역시,25,베이커리,1.10,14,25,쇼핑,1.00,5,22,벚꽃축제,1.30,10
DJ_28,대전광역시,25,뿌리공원,1.10,14,25,신세계,1.00,5,28,베이커리,1.10,8
DJ_29,대전광역시,25,식장산,1.10,14,25,등산,1.00,5,28,재래시장,1.10,8
DJ_30,대전광역시,30,계룡산,1.00,13,25,백화점,1.00,5,30,과학관,0.90,7
DJ_31,대전광역시,,,,,25,동학사,1.00,5,30,계룡산,0.90,7
DJ_32,대전광역시,,,,,25,튀김소보로,1.00,5,30,쇼핑,0.90,7
DJ_33,대전광역시,,,,,25,아쿠아리움,1.00,5,30,신세계,0.90,7
DJ_34,대전광역시,,,,,25,태평,1.00,5,30,수목원,0.90,7
DJ_35,대전광역시,,,,,25,야구장,1.00,5,30,시내,0.90,7
DJ_36,대전광역시,,,,,,,,,30,볼거리,0.90,7
DJ_37,대전광역시,,,,,,,,,30,은행동,0.90,7
DJ_38,대전광역시,,,,,,,,,30,만인산,0.90,7
DJ_39,대전광역시,,,,,,,,,30,황토길,0.90,7
BS_01,부산광역시,1,바다,8.80,431,1,바다,11.00,242,1,바다,7.00,189
BS_02,부산광역시,2,해변,5.70,278,2,해변,6.70,148,2,해변,4.80,130
BS_03,부산광역시,3,돼지국밥,3.90,193,3,해운대,4.70,104,3,돼지국밥,4.00,107
BS_04,부산광역시,4,회,3.70,179,4,부산,4.10,91,3,회,4.00,107
BS_05,부산광역시,5,해운대,3.60,175,5,돼지국밥,3.90,86,5,광안리,3.30,89
BS_06,부산광역시,6,먹거리,3.30,164,5,먹거리,3.90,86,6,공원,3.20,87
BS_07,부산광역시,7,부산,3.20,156,7,카페,3.30,73,7,해산물,3.00,80
BS_08,부산광역시,8,해산물,3.00,146,8,회,3.30,72,8,먹거리,2.90,78
BS_09,부산광역시,9,호텔,3.00,145,8,호텔,3.30,72,9,호텔,2.70,73
BS_10,부산광역시,10,카페,2.90,140,10,해산물,3.00,66,9,밀면,2.70,73
BS_11,부산광역시,11,광안리,2.80,136,11,밀면,2.70,59,11,축제,2.70,72
BS_12,부산광역시,12,밀면,2.70,132,12,맛집,2.20,48,12,해운대,2.60,71
BS_13,부산광역시,13,공원,2.60,128,13,광안리,2.10,47,13,카페,2.50,67
BS_14,부산광역시,14,맛집,2.10,101,14,시장,2.10,46,14,태종대,2.40,66
BS_15,부산광역시,15,태종대,2.00,100,15,공원,1.90,41,15,부산,2.40,65
BS_16,부산광역시,16,축제,2.00,99,16,꼼장어,1.60,36,16,맛집,2.00,53
BS_17,부산광역시,17,시장,1.70,85,17,산책,1.60,35,17,자갈치시장,1.80,49
BS_18,부산광역시,18,자갈치시장,1.60,80,18,태종대,1.50,34,18,재래시장,1.70,46
BS_19,부산광역시,19,재래시장,1.60,79,18,국밥,1.50,34,19,금정산,1.70,45
BS_20,부산광역시,20,국밥,1.40,68,20,재래시장,1.50,33,20,온천,1.60,44
BS_21,부산광역시,21,꼼장어,1.30,62,21,자갈치시장,1.40,31,21,온천천,1.50,41
BS_22,부산광역시,21,산책,1.30,62,22,어묵,1.30,29,22,이기대공원,1.50,40
BS_23,부산광역시,23,온천,1.20,61,23,힐링,1.30,28,23,시장,1.40,39
BS_24,부산광역시,24,송도,1.20,60,24,축제,1.20,27,23,송도,1.40,39
BS_25,부산광역시,25,금정산,1.20,59,25,롯데월드,1.10,25,25,서면,1.40,38
BS_26,부산광역시,26,서면,1.20,57,25,야경,1.10,25,26,범어사,1.30,36
BS_27,부산광역시,27,범어사,1.10,53,27,광안대교,1.00,22,27,국밥,1.30,34
BS_28,부산광역시,27,힐링,1.10,53,27,흰여울,1.00,22,28,오륙도,1.20,32
BS_29,부산광역시,29,롯데월드,1.00,51,27,해상케이블카,1.00,22,28,남포동,1.20,32
BS_30,부산광역시,29,어묵,1.00,51,27,숙소,1.00,22,28,다대포,1.20,32
BS_31,부산광역시,,,,,,,,,28,시민공원,1.20,32
SU_01,서울특별시,1,먹거리,5.00,301,1,먹거리,5.40,106,1,먹거리,4.80,195
SU_02,서울특별시,2,맛집,4.80,289,2,맛집,4.90,96,2,맛집,4.80,193
SU_03,서울특별시,3,공원,4.00,240,3,서울,3.50,68,3,공원,4.50,182
SU_04,서울특별시,4,시장,3.00,179,3,쇼핑,3.50,68,4,시장,3.30,131
SU_05,서울특별시,5,서울,2.80,165,5,호텔,3.40,66,5,한강,3.20,128
SU_06,서울특별시,6,한강,2.70,163,6,롯데월드,3.30,64,6,축제,2.60,103
SU_07,서울특별시,7,롯데월드,2.60,154,7,공원,3.00,58,7,서울,2.40,97
SU_08,서울특별시,8,쇼핑,2.30,137,8,카페,2.80,55,8,북한산,2.40,96
SU_09,서울특별시,9,카페,2.10,127,9,시장,2.50,48,9,한강공원,2.30,91
SU_10,서울특별시,9,호텔,2.10,127,10,도시,1.90,37,10,롯데월드,2.20,90
SU_11,서울특별시,11,한강공원,2.00,120,11,한강,1.80,35,11,카페,1.80,72
SU_12,서울특별시,12,축제,1.90,115,12,석촌호수,1.70,33,12,쇼핑,1.70,69
SU_13,서울특별시,13,북한산,1.80,108,12,공연,1.70,33,12,재래시장,1.70,69
SU_14,서울특별시,14,석촌호수,1.50,92,14,코엑스,1.60,32,14,관악산,1.60,65
SU_15,서울특별시,15,재래시장,1.50,90,14,백화점,1.60,32,15,호텔,1.50,61
SU_16,서울특별시,16,산책,1.40,84,14,광장시장,1.60,32,16,석촌호수,1.50,59
SU_17,서울특별시,17,홍대,1.40,81,17,산책,1.50,30,16,등산,1.50,59
SU_18,서울특별시,18,서울숲,1.30,78,17,경복궁,1.50,30,18,식물원,1.40,55
SU_19,서울특별시,19,도시,1.30,75,17,박물관,1.50,30,19,산책,1.30,54
SU_20,서울특별시,20,관악산,1.20,73,20,한강공원,1.50,29,19,홍대,1.30,54
SU_21,서울특별시,21,등산,1.20,72,21,홍대,1.40,27,21,산,1.30,53
SU_22,서울특별시,22,길거리음식,1.20,70,22,서울숲,1.30,26,22,서울숲,1.30,52
SU_23,서울특별시,22,산,1.20,70,23,길거리음식,1.20,24,22,어린이대공원,1.30,52
SU_24,서울특별시,24,코엑스,1.20,69,23,롯데월드타워,1.20,24,24,먹자골목,1.20,50
SU_25,서울특별시,25,남산,1.10,67,25,인사동,1.10,22,25,남산,1.20,48
SU_26,서울특별시,25,백화점,1.10,67,25,족발,1.10,22,26,둘레길,1.20,47
SU_27,서울특별시,27,식물원,1.10,66,27,재래시장,1.10,21,27,길거리음식,1.10,46
SU_28,서울특별시,28,먹자골목,1.10,65,28,남산,1.00,19,28,도봉산,1.10,44
SU_29,서울특별시,29,어린이대공원,1.10,64,28,쇼핑몰,1.00,19,29,올림픽공원,1.10,43
SU_30,서울특별시,30,경복궁,1.00,62,28,디저트,1.00,19,30,예술의전당,1.00,42
US_01,울산광역시,1,태화강,9.00,111,1,태화강,9.30,45,1,태화강,8.80,66
US_02,울산광역시,2,바다,7.40,92,2,바다,8.20,40,2,대왕암,7.20,54
US_03,울산광역시,3,대왕암,7.20,89,3,대왕암,7.20,35,3,바다,6.90,52
US_04,울산광역시,4,공원,6.30,78,4,공원,6.20,30,4,해변,6.60,50
US_05,울산광역시,5,해변,5.60,70,5,해산물,5.60,27,5,공원,6.40,48
US_06,울산광역시,6,국가정원,4.80,60,6,해변,4.10,20,6,국가정원,5.60,42
US_07,울산광역시,7,회,4.00,49,7,국가정원,3.70,18,7,회,4.60,35
US_08,울산광역시,8,간절곶,3.30,41,8,먹거리,3.50,17,8,간절곶,4.00,30
US_09,울산광역시,8,해산물,3.30,41,9,울산,3.30,16,9,울산대공원,3.50,26
US_10,울산광역시,10,울산대공원,3.20,40,10,산책,3.10,15,10,한우,3.10,23
US_11,울산광역시,11,한우,2.50,31,10,온천,3.10,15,11,축제,2.70,20
US_12,울산광역시,12,울산,2.30,29,12,회,2.90,14,11,정자,2.70,20
US_13,울산광역시,12,축제,2.30,29,12,울산대공원,2.90,14,13,고래,2.10,16
US_14,울산광역시,14,먹거리,2.30,28,14,간절곶,2.30,11,13,고래박물관,2.10,16
US_15,울산광역시,15,산책,2.20,27,14,호텔,2.30,11,13,해수욕장,2.10,16
US_16,울산광역시,16,고래,2.00,25,16,언양불고기,2.10,10,16,언양불고기,2.00,15
US_17,울산광역시,16,고래박물관,2.00,25,17,축제,1.90,9,16,캠핑,2.00,15
US_18,울산광역시,16,언양불고기,2.00,25,17,고래,1.90,9,16,장생포,2.00,15
US_19,울산광역시,16,호텔,2.00,25,17,고래박물관,1.90,9,16,펜션,2.00,15
US_20,울산광역시,20,정자,1.90,23,17,언양,1.90,9,20,해산물,1.90,14
US_21,울산광역시,20,캠핑,1.90,23,21,한우,1.60,8,20,호텔,1.90,14
US_22,울산광역시,22,온천,1.80,22,21,캠핑,1.60,8,20,영남알프스,1.90,14
US_23,울산광역시,23,장생포,1.60,20,21,산,1.60,8,23,울산,1.70,13
US_24,울산광역시,23,펜션,1.60,20,21,카페,1.60,8,24,산책,1.60,12
US_25,울산광역시,23,해수욕장,1.60,20,21,맛집,1.60,8,24,일산해수욕장,1.60,12
US_26,울산광역시,26,십리대,1.50,18,21,힐링,1.60,8,24,몽돌해변,1.60,12
US_27,울산광역시,27,일산해수욕장,1.40,17,21,관광,1.60,8,24,호수공원,1.60,12
US_28,울산광역시,28,대나무숲,1.30,16,21,동굴,1.60,8,28,먹거리,1.50,11
US_29,울산광역시,28,산,1.30,16,29,십리대,1.40,7,28,십리대,1.50,11
US_30,울산광역시,28,영남알프스,1.30,16,29,대나무숲,1.40,7,28,대공원,1.50,11
US_31,울산광역시,28,카페,1.30,16,29,계곡,1.40,7,28,마을,1.50,11
US_32,울산광역시,,,,,29,시장,1.40,7,,,,
US_33,울산광역시,,,,,29,휴식,1.40,7,,,,
IC_01,인천광역시,1,바다,6.70,153,1,바다,10.60,99,1,공원,5.90,79
IC_02,인천광역시,2,공원,5.00,113,2,해변,5.20,49,2,월미도,4.70,63
IC_03,인천광역시,3,월미도,4.10,93,3,호텔,4.80,45,3,먹거리,4.20,56
IC_04,인천광역시,4,호텔,3.70,85,4,해산물,3.90,36,3,송도,4.20,56
IC_05,인천광역시,5,센트럴파크,3.60,82,5,공원,3.60,34,5,바다,4.00,54
IC_06,인천광역시,6,먹거리,3.60,81,6,센트럴파크,3.50,33,6,센트럴파크,3.70,49
IC_07,인천광역시,6,해변,3.60,81,7,월미도,3.20,30,7,차이나타운,3.30,44
IC_08,인천광역시,8,송도,3.50,80,7,카페,3.20,30,8,호텔,3.00,40
IC_09,인천광역시,9,해산물,3.00,69,9,조개구이,2.80,26,9,맛집,2.90,39
IC_10,인천광역시,10,차이나타운,2.80,63,10,먹거리,2.70,25,9,계양산,2.90,39
IC_11,인천광역시,11,카페,2.60,59,11,송도,2.60,24,11,해산물,2.50,33
IC_12,인천광역시,12,맛집,2.30,52,12,차이나타운,2.00,19,12,해변,2.40,32
IC_13,인천광역시,13,부평,1.80,42,12,산책,2.00,19,12,부평,2.40,32
IC_14,인천광역시,14,계양산,1.80,40,14,회,1.80,17,14,아라뱃길,2.30,31
IC_15,인천광역시,15,조개구이,1.60,37,15,호캉스,1.70,16,15,카페,2.20,29
IC_16,인천광역시,15,축제,1.60,37,16,을왕리,1.60,15,16,인천대공원,2.00,27
IC_17,인천광역시,15,호수공원,1.60,37,17,시장,1.50,14,17,축제,1.90,26
IC_18,인천광역시,18,소래포구,1.60,36,17,인천,1.50,14,18,호수공원,1.80,24
IC_19,인천광역시,18,아라뱃길,1.60,36,17,펜션,1.50,14,18,닭강정,1.80,24
IC_20,인천광역시,20,시장,1.50,35,17,재래시장,1.50,14,20,소래포구,1.70,23
IC_21,인천광역시,20,청라,1.50,35,17,강화,1.50,14,21,청라,1.60,22
IC_22,인천광역시,22,인천,1.50,34,17,해수욕장,1.50,14,22,시장,1.60,21
IC_23,인천광역시,22,회,1.50,34,23,맛집,1.40,13,23,인천,1.50,20
IC_24,인천광역시,24,산책,1.50,33,23,호수공원,1.40,13,24,펜션,1.40,19
IC_25,인천광역시,24,펜션,1.50,33,23,소래포구,1.40,13,24,도시,1.40,19
IC_26,인천광역시,26,재래시장,1.40,32,23,청라,1.40,13,26,재래시장,1.30,18
IC_27,인천광역시,27,강화,1.40,31,23,칼국수,1.40,13,26,산,1.30,18
IC_28,인천광역시,27,닭강정,1.40,31,23,휴식,1.40,13,26,신포시장,1.30,18
IC_29,인천광역시,27,도시,1.40,31,29,도시,1.30,12,29,회,1.30,17
IC_30,인천광역시,27,을왕리,1.40,31,29,마니산,1.30,12,29,강화,1.30,17
IC_31,인천광역시,27,인천대공원,1.40,31,29,파라다이스시티,1.30,12,29,등산,1.30,17
IC_32,인천광역시,,,,,29,힐링,1.30,12,,,,
IC_33,인천광역시,,,,,29,무의도,1.30,12,,,,
JN_01,전라남도,1,바다,4.70,267,1,바다,5.40,174,1,해산물,3.90,99
JN_02,전라남도,2,해산물,4.10,235,2,해산물,4.20,136,2,바다,3.70,93
JN_03,전라남도,3,먹거리,3.30,191,3,먹거리,3.90,125,3,낙지,3.10,78
JN_04,전라남도,4,낙지,2.50,143,4,해변,2.60,85,4,축제,3.00,75
JN_05,전라남도,4,한우,2.50,143,5,힐링,2.40,77,5,한우,2.80,71
JN_06,전라남도,6,해변,2.10,122,6,케이블카,2.30,75,6,먹거리,2.60,66
JN_07,전라남도,7,케이블카,2.00,117,7,한우,2.20,72,7,회,2.10,53
JN_08,전라남도,8,회,2.00,115,8,낙지,2.00,65,7,순천만국가정원,2.10,53
JN_09,전라남도,9,축제,2.00,113,9,회,1.90,62,9,한정식,2.00,51
JN_10,전라남도,10,힐링,1.80,105,10,산,1.70,54,10,홍어,1.90,48
JN_11,전라남도,11,순천만국가정원,1.80,103,11,한정식,1.60,52,11,유달산,1.80,45
JN_12,전라남도,11,한정식,1.80,103,12,순천만국가정원,1.50,50,12,케이블카,1.70,42
JN_13,전라남도,13,산,1.50,86,13,여수,1.50,49,13,펜션,1.50,38
JN_14,전라남도,14,펜션,1.30,75,13,쏠비치,1.50,49,14,해변,1.50,37
JN_15,전라남도,15,리조트,1.30,74,15,리조트,1.50,47,15,꼬막,1.40,35
JN_16,전라남도,16,홍어,1.30,73,16,떡갈비,1.40,46,16,산,1.30,32
JN_17,전라남도,17,순천만습지,1.30,72,17,순천만습지,1.40,45,17,게장,1.20,31
JN_18,전라남도,18,순천만,1.20,69,18,순천만,1.30,41,18,공원,1.20,30
JN_19,전라남도,18,유달산,1.20,69,18,호텔,1.30,41,18,전복,1.20,30
JN_20,전라남도,20,공원,1.20,68,20,자연,1.20,40,18,갓김치,1.20,30
JN_21,전라남도,21,전복,1.20,67,21,축제,1.20,38,18,해수욕장,1.20,30
JN_22,전라남도,22,여수,1.10,66,21,공원,1.20,38,18,광양불고기,1.20,30
JN_23,전라남도,23,녹차밭,1.10,65,21,죽녹원,1.20,38,23,녹차밭,1.20,29
JN_24,전라남도,24,떡갈비,1.10,64,24,펜션,1.10,37,24,힐링,1.10,28
JN_25,전라남도,25,게장,1.10,61,24,전복,1.10,37,24,순천만,1.10,28
JN_26,전라남도,25,죽녹원,1.10,61,26,녹차밭,1.10,36,26,리조트,1.10,27
JN_27,전라남도,25,호텔,1.10,61,26,자연경관,1.10,36,26,순천만습지,1.10,27
JN_28,전라남도,28,갓김치,1.00,58,28,체험,1.10,34,26,영광굴비,1.10,27
JN_29,전라남도,28,꼬막,1.00,58,28,산책,1.10,34,29,백반,1.00,26
JN_30,전라남도,30,마을,1.00,57,30,마을,1.00,33,29,월출산,1.00,26
JN_31,전라남도,30,쏠비치,1.00,57,,,,,,,,
JNBK_01,전라북도,1,한옥마을,5.90,210,1,한옥마을,5.80,108,1,한옥마을,6.00,102
JNBK_02,전라북도,2,내장산,2.90,102,2,먹거리,3.20,59,2,내장산,3.70,63
JNBK_03,전라북도,3,먹거리,2.80,98,3,전주,2.90,53,3,한우,3.60,60
JNBK_04,전라북도,4,한우,2.60,93,4,광한루,2.30,43,4,비빔밥,3.00,50
JNBK_05,전라북도,5,전주,2.30,81,4,계곡,2.30,43,5,축제,2.50,42
JNBK_06,전라북도,6,광한루,2.20,77,6,채석강,2.20,41,6,미륵사지석탑,2.40,40
JNBK_07,전라북도,6,비빔밥,2.20,77,7,바다,2.20,40,7,먹거리,2.30,39
JNBK_08,전라북도,8,계곡,2.00,71,8,내장산,2.10,39,8,추어탕,2.10,36
JNBK_09,전라북도,9,축제,1.90,68,9,힐링,1.80,34,9,광한루,2.00,34
JNBK_10,전라북도,10,콩나물국밥,1.80,65,10,한우,1.80,33,9,복분자,2.00,34
JNBK_11,전라북도,11,채석강,1.80,64,10,선유도,1.80,33,11,콩나물국밥,2.00,33
JNBK_12,전라북도,12,추어탕,1.70,59,10,산,1.80,33,11,해산물,2.00,33
JNBK_13,전라북도,13,바다,1.60,58,13,콩나물국밥,1.70,32,13,전주,1.70,28
JNBK_14,전라북도,13,선유도,1.60,58,13,카페,1.70,32,13,계곡,1.70,28
JNBK_15,전라북도,15,산,1.60,57,15,펜션,1.60,29,13,이성당,1.70,28
JNBK_16,전라북도,15,해산물,1.60,57,15,체험,1.60,29,13,선운사,1.70,28
JNBK_17,전라북도,17,미륵사지석탑,1.60,56,17,공원,1.50,28,17,장어,1.50,26
JNBK_18,전라북도,17,힐링,1.60,56,18,비빔밥,1.50,27,18,선유도,1.50,25
JNBK_19,전라북도,19,이성당,1.50,53,19,축제,1.40,26,18,고추장,1.50,25
JNBK_20,전라북도,20,고추장,1.30,46,19,박물관,1.40,26,18,한정식,1.50,25
JNBK_21,전라북도,20,박물관,1.30,46,19,맛집,1.40,26,21,산,1.40,24
JNBK_22,전라북도,20,복분자,1.30,46,22,이성당,1.30,25,21,짬뽕,1.40,24
JNBK_23,전라북도,20,카페,1.30,46,22,해변,1.30,25,23,채석강,1.40,23
JNBK_24,전라북도,24,공원,1.30,45,24,해산물,1.30,24,24,힐링,1.30,22
JNBK_25,전라북도,24,맛집,1.30,45,24,전통,1.30,24,24,캠핑,1.30,22
JNBK_26,전라북도,24,캠핑,1.30,45,24,산책,1.30,24,26,박물관,1.20,20
JNBK_27,전라북도,24,펜션,1.30,45,27,추어탕,1.20,23,26,마이산,1.20,20
JNBK_28,전라북도,24,한정식,1.30,45,27,캠핑,1.20,23,26,빵,1.20,20
JNBK_29,전라북도,29,장어,1.20,43,27,마을,1.20,23,29,맛집,1.10,19
JNBK_30,전라북도,29,짬뽕,1.20,43,30,군산,1.20,22,29,등산,1.10,19
JNBK_31,전라북도,29,체험,1.20,43,,,,,29,지리산,1.10,19
JNBK_32,전라북도,,,,,,,,,29,고창읍성,1.10,19
JNBK_33,전라북도,,,,,,,,,29,재래시장,1.10,19
JNBK_34,전라북도,,,,,,,,,29,수박,1.10,19
CHN_01,충청남도,1,바다,4.90,196,1,바다,5.90,115,1,해산물,4.10,83
CHN_02,충청남도,2,해산물,4.00,161,2,해변,4.00,79,2,바다,4.00,81
CHN_03,충청남도,3,축제,3.10,122,3,해산물,4.00,78,3,축제,3.60,73
CHN_04,충청남도,4,해변,2.90,117,4,먹거리,2.70,53,4,온천,2.70,54
CHN_05,충청남도,5,온천,2.60,103,5,축제,2.50,49,5,인삼,2.30,46
CHN_06,충청남도,6,먹거리,2.30,92,5,온천,2.50,49,6,공주,2.00,41
CHN_07,충청남도,7,펜션,2.00,79,7,펜션,2.50,48,6,한우,2.00,41
CHN_08,충청남도,8,공주,1.80,73,8,힐링,2.40,47,8,독립기념관,2.00,40
CHN_09,충청남도,8,힐링,1.80,73,9,해수욕장,1.80,36,9,먹거리,1.90,39
CHN_10,충청남도,10,해수욕장,1.80,72,9,회,1.80,36,9,호두과자,1.90,39
CHN_11,충청남도,11,인삼,1.80,71,11,공주,1.60,32,9,시장,1.90,39
CHN_12,충청남도,12,한우,1.70,67,11,산,1.60,32,12,해변,1.90,38
CHN_13,충청남도,12,호두과자,1.70,67,13,캠핑,1.60,31,13,해수욕장,1.80,36
CHN_14,충청남도,14,시장,1.60,65,14,공산성,1.50,30,14,밤,1.70,34
CHN_15,충청남도,15,공산성,1.60,62,14,부여,1.50,30,14,딸기,1.70,34
CHN_16,충청남도,16,독립기념관,1.50,61,16,휴양림,1.50,29,16,공산성,1.60,32
CHN_17,충청남도,16,회,1.50,61,16,체험,1.50,29,17,펜션,1.50,31
CHN_18,충청남도,18,밤,1.50,60,18,호두과자,1.40,28,17,출렁다리,1.50,31
CHN_19,충청남도,19,산,1.50,59,19,카페,1.40,27,17,머드축제,1.50,31
CHN_20,충청남도,20,출렁다리,1.40,55,20,한우,1.30,26,17,박물관,1.50,31
CHN_21,충청남도,20,휴양림,1.40,55,20,시장,1.30,26,21,현충사,1.50,30
CHN_22,충청남도,22,머드축제,1.40,54,20,밤,1.30,26,22,계룡산,1.40,28
CHN_23,충청남도,22,카페,1.40,54,20,공원,1.30,26,23,산,1.30,27
CHN_24,충청남도,24,계룡산,1.30,53,20,재래시장,1.30,26,23,카페,1.30,27
CHN_25,충청남도,24,공원,1.30,53,25,인삼,1.30,25,23,공원,1.30,27
CHN_26,충청남도,26,박물관,1.20,49,25,계룡산,1.30,25,26,힐링,1.30,26
CHN_27,충청남도,27,예산,1.20,48,25,리조트,1.30,25,26,휴양림,1.30,26
CHN_28,충청남도,27,재래시장,1.20,48,28,출렁다리,1.20,24,26,예산,1.30,26
CHN_29,충청남도,29,딸기,1.20,47,28,워터파크,1.20,24,26,해미읍성,1.30,26
CHN_30,충청남도,29,부여,1.20,47,30,머드축제,1.20,23,26,대하,1.30,26
CHN_31,충청남도,29,예당저수지,1.20,47,30,예당저수지,1.20,23,,,,
CHN_32,충청남도,29,캠핑,1.20,47,30,대천해수욕장,1.20,23,,,,
CB_01,충청북도,1,충주호,4.20,101,1,힐링,4.90,65,1,의림지,4.70,51
CB_02,충청북도,2,의림지,3.60,85,2,충주호,3.90,51,2,충주호,4.60,50
CB_03,충청북도,3,계곡,3.50,84,3,계곡,3.60,47,3,계곡,3.40,37
CB_04,충청북도,4,먹거리,3.20,76,3,먹거리,3.60,47,4,온천,2.80,30
CB_05,충청북도,5,힐링,3.10,75,5,산,3.30,44,5,먹거리,2.70,29
CB_06,충청북도,6,산,3.00,72,6,패러글라이딩,3.00,40,6,산,2.60,28
CB_07,충청북도,7,온천,2.70,65,7,온천,2.70,35,7,공원,2.40,26
CB_08,충청북도,8,휴양림,2.50,59,7,마늘,2.70,35,8,휴양림,2.30,25
CB_09,충청북도,9,속리산,2.40,58,9,의림지,2.60,34,9,속리산,2.20,24
CB_10,충청북도,10,마늘,2.30,56,9,휴양림,2.60,34,10,청풍,2.10,23
CB_11,충청북도,11,패러글라이딩,2.30,54,9,속리산,2.60,34,11,농다리,2.00,22
CB_12,충청북도,12,캠핑,2.20,53,9,캠핑,2.60,34,11,축제,2.00,22
CB_13,충청북도,13,리조트,2.00,49,13,호수,2.40,32,13,마늘,1.90,21
CB_14,충청북도,13,펜션,2.00,49,14,리조트,2.30,30,14,고추,1.90,20
CB_15,충청북도,15,단양,2.00,47,14,펜션,2.30,30,15,캠핑,1.80,19
CB_16,충청북도,16,자연,1.90,45,14,자연,2.30,30,15,리조트,1.80,19
CB_17,충청북도,17,호수,1.80,44,14,자연경관,2.30,30,15,펜션,1.80,19
CB_18,충청북도,18,공원,1.80,43,18,단양,2.10,28,15,단양,1.80,19
CB_19,충청북도,19,수안보,1.80,42,19,시장,1.80,24,15,수안보,1.80,19
CB_20,충청북도,19,시장,1.80,42,19,산책,1.80,24,15,중앙탑,1.80,19
CB_21,충청북도,21,자연경관,1.60,39,19,재래시장,1.80,24,15,상당산성,1.80,19
CB_22,충청북도,22,농다리,1.60,38,19,관광,1.80,24,22,시장,1.70,18
CB_23,충청북도,22,산책,1.60,38,23,수안보,1.80,23,22,충주댐,1.70,18
CB_24,충청북도,24,재래시장,1.50,37,24,리솜포레스트,1.70,22,22,사과,1.70,18
CB_25,충청북도,25,리솜포레스트,1.50,36,25,벨포레,1.50,20,25,월악산,1.60,17
CB_26,충청북도,26,관광,1.50,35,26,도담삼봉,1.40,18,25,좌구산,1.60,17
CB_27,충청북도,27,축제,1.40,33,26,동굴,1.40,18,27,인삼,1.50,16
CB_28,충청북도,28,충주댐,1.30,31,26,케이블카,1.40,18,28,자연,1.40,15
CB_29,충청북도,29,도담삼봉,1.30,30,26,가족,1.40,18,28,탄금대,1.40,15
CB_30,충청북도,29,월악산,1.30,30,30,공원,1.30,17,28,빨간오뎅,1.40,15
CB_31,충청북도,,,,,30,카페,1.30,17,,,,
CB_32,충청북도,,,,,30,법주사,1.30,17,,,,
CB_33,충청북도,,,,,30,맛집,1.30,17,,,,
JJ_01,제주특별자치도,1,바다,9.70,365,1,바다,10.20,306,1,바다,7.60,59
JJ_02,제주특별자치도,2,해변,7.60,285,2,해변,7.80,232,2,해변,6.80,53
JJ_03,제주특별자치도,3,카페,3.70,140,3,카페,4.00,119,3,제주,4.40,34
JJ_04,제주특별자치도,4,제주,3.70,139,4,성산일출봉,3.60,107,4,먹거리,3.70,29
JJ_05,제주특별자치도,5,흑돼지,3.30,126,5,제주,3.50,105,5,오름,3.60,28
JJ_06,제주특별자치도,6,성산일출봉,3.20,122,6,흑돼지,3.30,99,6,흑돼지,3.50,27
JJ_07,제주특별자치도,7,먹거리,3.00,112,7,힐링,3.10,93,7,호텔,3.20,25
JJ_08,제주특별자치도,8,호텔,2.80,107,8,먹거리,2.80,83,7,해안도로,3.20,25
JJ_09,제주특별자치도,9,힐링,2.70,103,9,호텔,2.70,82,9,카페,2.70,21
JJ_10,제주특별자치도,10,해산물,2.30,87,10,해산물,2.50,74,10,펜션,2.30,18
JJ_11,제주특별자치도,11,해안도로,2.10,81,11,우도,2.40,71,11,해수욕장,2.20,17
JJ_12,제주특별자치도,12,귤,2.10,80,12,회,2.20,66,11,올레길,2.20,17
JJ_13,제주특별자치도,13,우도,2.10,79,13,귤,2.20,65,13,성산일출봉,1.90,15
JJ_14,제주특별자치도,14,해수욕장,2.00,77,14,자연경관,2.10,62,13,귤,1.90,15
JJ_15,제주특별자치도,15,회,2.00,75,15,해수욕장,2.00,60,15,재래시장,1.80,14
JJ_16,제주특별자치도,16,자연경관,1.90,72,16,해안도로,1.90,56,15,애월,1.80,14
JJ_17,제주특별자치도,17,오름,1.90,71,17,올레길,1.70,50,17,해산물,1.70,13
JJ_18,제주특별자치도,18,올레길,1.80,67,17,산책,1.70,50,18,산방산,1.50,12
JJ_19,제주특별자치도,19,리조트,1.50,58,19,리조트,1.60,48,18,관광,1.50,12
JJ_20,제주특별자치도,19,산책,1.50,58,20,갈치조림,1.50,45,18,고기국수,1.50,12
JJ_21,제주특별자치도,21,갈치조림,1.40,53,21,자연,1.50,44,18,동문시장,1.50,12
JJ_22,제주특별자치도,22,산방산,1.40,52,22,오름,1.40,43,22,맛집,1.40,11
JJ_23,제주특별자치도,23,맛집,1.40,51,23,산방산,1.30,40,23,힐링,1.30,10
JJ_24,제주특별자치도,23,펜션,1.40,51,23,맛집,1.30,40,23,자연경관,1.30,10
JJ_25,제주특별자치도,25,자연,1.30,50,25,신화월드,1.20,36,23,리조트,1.30,10
JJ_26,제주특별자치도,26,재래시장,1.20,45,26,경관,1.10,34,23,갈치,1.30,10
JJ_27,제주특별자치도,27,관광,1.10,42,27,펜션,1.10,33,23,특산품,1.30,10
JJ_28,제주특별자치도,28,땅콩,1.00,39,28,땅콩,1.10,32,23,시내,1.30,10
JJ_29,제주특별자치도,28,신화월드,1.00,39,28,풍경,1.10,32,29,회,1.20,9
JJ_30,제주특별자치도,28,풍경,1.00,39,30,재래시장,1.00,31,29,한라산,1.20,9
JJ_31,제주특별자치도,,,,,30,휴식,1.00,31,29,민속촌,1.20,9
JJ_32,제주특별자치도,,,,,,,,,29,5일장,1.20,9
SJ_01,세종특별자치시,1,호수공원,25.90,59,1,호수공원,13.60,16,1,호수공원,39.10,43
SJ_02,세종특별자치시,2,공원,7.50,17,2,공원,8.50,10,2,수목원,10.00,11
SJ_03,세종특별자치시,2,수목원,7.50,17,3,수목원,5.10,6,3,세종,9.10,10
SJ_04,세종특별자치시,4,세종,6.60,15,3,호수,5.10,6,4,공원,6.40,7
SJ_05,세종특별자치시,5,호수,5.70,13,5,세종,4.20,5,4,호수,6.40,7
SJ_06,세종특별자치시,6,맛집,3.90,9,6,맛집,3.40,4,6,맛집,4.50,5
SJ_07,세종특별자치시,7,국립,3.10,7,6,세종시,3.40,4,6,식물원,4.50,5
SJ_08,세종특별자치시,7,금강,3.10,7,8,국립,2.50,3,6,다리,4.50,5
SJ_09,세종특별자치시,7,식물원,3.10,7,8,금강,2.50,3,9,국립,3.60,4
SJ_10,세종특별자치시,7,축제,3.10,7,8,축제,2.50,3,9,금강,3.60,4
SJ_11,세종특별자치시,7,카페,3.10,7,8,카페,2.50,3,9,축제,3.60,4
SJ_12,세종특별자치시,12,다리,2.60,6,8,먹거리,2.50,3,9,카페,3.60,4
SJ_13,세종특별자치시,12,먹거리,2.60,6,8,박물관,2.50,3,13,먹거리,2.70,3
SJ_14,세종특별자치시,14,가족,2.20,5,8,베어트리파크,2.50,3,13,가족,2.70,3
SJ_15,세종특별자치시,15,대통령,1.80,4,8,신도시,2.50,3,13,대통령,2.70,3
SJ_16,세종특별자치시,15,도서관,1.80,4,8,놀거리,2.50,3,13,산책,2.70,3
SJ_17,세종특별자치시,15,박물관,1.80,4,8,산,2.50,3,13,매운탕,2.70,3
SJ_18,세종특별자치시,15,베어트리파크,1.80,4,18,식물원,1.70,2,18,도서관,1.80,2
SJ_19,세종특별자치시,15,산책,1.80,4,18,가족,1.70,2,18,복숭아,1.80,2
SJ_20,세종특별자치시,15,세종시,1.80,4,18,도서관,1.70,2,18,고기,1.80,2
SJ_21,세종특별자치시,15,신도시,1.80,4,18,베이커리,1.70,2,18,연인,1.80,2
SJ_22,세종특별자치시,22,놀거리,1.30,3,18,볼거리,1.70,2,18,중식,1.80,2
SJ_23,세종특별자치시,22,매운탕,1.30,3,18,자연경관,1.70,2,18,중앙공원,1.80,2
SJ_24,세종특별자치시,22,베이커리,1.30,3,18,피자,1.70,2,18,칼국수,1.80,2
SJ_25,세종특별자치시,22,복숭아,1.30,3,18,경관,1.70,2,25,박물관,0.90,1
SJ_26,세종특별자치시,22,볼거리,1.30,3,18,농산물,1.70,2,25,베어트리파크,0.90,1
SJ_27,세종특별자치시,22,산,1.30,3,18,빵,1.70,2,25,신도시,0.90,1
SJ_28,세종특별자치시,22,자연경관,1.30,3,18,시장먹거리,1.70,2,25,베이커리,0.90,1
SJ_29,세종특별자치시,22,피자,1.30,3,18,자연환경,1.70,2,25,볼거리,0.90,1
SJ_30,세종특별자치시,30,걷기,0.90,2,18,전통음식,1.70,2,25,자연경관,0.90,1
SJ_31,세종특별자치시,30,경관,0.90,2,18,주차,1.70,2,25,피자,0.90,1
SJ_32,세종특별자치시,30,고기,0.90,2,18,파스타,1.70,2,25,걷기,0.90,1
SJ_33,세종특별자치시,30,공주,0.90,2,18,한우,1.70,2,25,공주,0.90,1
SJ_34,세종특별자치시,30,농산물,0.90,2,,,,,25,서원,0.90,1
SJ_35,세종특별자치시,30,빵,0.90,2,,,,,25,스테이,0.90,1
SJ_36,세종특별자치시,30,서원,0.90,2,,,,,25,아파트,0.90,1
SJ_37,세종특별자치시,30,스테이,0.90,2,,,,,25,친구,0.90,1
SJ_38,세종특별자치시,30,시장먹거리,0.90,2,,,,,25,템플,0.90,1
SJ_39,세종특별자치시,30,아파트,0.90,2,,,,,25,프랜차이즈,0.90,1
SJ_40,세종특별자치시,30,연인,0.90,2,,,,,25,한식,0.90,1
SJ_41,세종특별자치시,30,자연환경,0.90,2,,,,,25,계족산,0.90,1
